listing_id,title,price,description,image_url,listing_url
1682650298,BUY|SELL - iPhone 17 16 15 14 13 12 Pro Plus Mini Xs XR 11 Max,$1,"Air 16e X SE 8 64GB 256GB 128GB 512GB 1TB Samsung S25 S24 S23 S22 S21 Ultra Fold6 Flip6 Fold7 Google Pixel 6 7 9 XL iPad 10th 9th 8th 7th Gen Titanium Blue Space Black Silver White Red Pink A53 A35 A52 A51 A71 ------------------------------------------------------ SELL OR TRADE YOUR DEVICE CANADA-WIDE Get an instant quote at: www.flipafone.com FREE shipping or Same-Day Drop Off! Over 1.2K five-star reviews on Google Trade-ins welcome :) WE BUY: Shop certified pre-owned devices: POPULAR DEVICES IN STOCK (check website for pricing and availability) * iPhone 16 / 15 / 14 / 13 / 12 / 11 / X Series * Samsung S25 / S24 / S23 / S22 / Fold / Flip * Google Pixel 9 / 8 / 7 / Fold * All iPads, MacBooks, Watches, Cameras, Lenses and more _________________________ Retail Location - FlipaFone (King Sqaure Mall) 9390 Woodbine Ave Unit 1D71 Markham, ON L6C 0M5, ONTARIO Hours: By Appointment only (MON-SAT 11-6PM / SUN 11-5PM) Tel - 647-646-3350 INSTANT QUOTE: www.flipafone.com SHOP NOW: store.flipafone.com",https://media.kijiji.ca/api/v1/ca-prod-dealer-ads/images/bd/bdb084e8-bd3a-4e24-8d67-76405dacd7a1?rule=kijijica-640-webp ,https://www.kijiji.ca/v-cell-phone/city-of-toronto/buy-sell-iphone-17-16-15-14-13-12-pro-plus-mini-xs-xr-11-max/1682650298
1713960195,"Instant Cash for iPhone 16 Pro Max, MacBook Pro & iPad Pro",N/A,"Looking to buy all new newer model phones! Contact for highest payouts! Get Cash for All Brand new Samsungs, iPhones, Google Pixel sealed/Unsealed Locked/unlocked For Cash! Samsung Buyer iPhone Buyer iPad Buyer MacBook Buyer Google Pixel Buyer Dyson Buyer Please Contact for MacBook/iPad Prices All iPhone 16 Series! iPhone 16 128gb - $Please Contact iPhone 16 256gb - $Please Contact iPhone 16 512gb - $Please Contact iPhone 16 Plus 128gb - $Please Contact iPhone 16 Plus 256gb - $Please Contact iPhone 16 Plus 512gb - $Please Contact iPhone 16 Pro 128gb - $Please Contact iPhone 16 Pro 256gb - $Please Contact iPhone 16 Pro 512gb - $Please Contact iPhone 16 pro 1TB. - $Please Contact iPhone 16 Pro Max 256gb - $Please Contact iPhone 16 Pro Max 512gb - $Please Contact iPhone 16 pro Max 1TB. - $Please Contact iPhone 15 128gb - $Please Contact iPhone 15 256gb - $Please Contact iPhone 15 512gb - $Please Contact iPhone 15 PLUS 128gb - $Please Contact iPhone 15 PLUS 256gb - $Please Contact iPhone 15 PLUS 512gb - $Please Contact iPhone 15 Pro 128gb - $Please Contact iPhone 15 Pro 256gb - $Please Contact iPhone 15 Pro 512gb - $Please Contact iPhone 15 pro 1TB. - $Please Contact iPhone 15 Pro Max 256gb - $Please Contact iPhone 15 Pro Max 512gb - $Please Contact iPhone 15 pro Max 1TB. - $Please Contact iPhone SE 3 5G 64gb - $Please Contact iPhone SE 3 128 gb - $Please Contact iPhone 14 128gb - $Please Contact iPhone 14 256gb - $Please Contact iPhone 14 512gb - $Please Contact iPhone 14 PLUS 128gb - $Please Contact iPhone 14 PLUS 256gb - $Please Contact iPhone 14 PLUS 512gb - $Please Contact iPhone 13 128gb - $Please Contact iPhone 13 256gb - $Please Contact iPhone 13 512gb - $Please Contact ------------------------------------------------ #SAMSUNG Samsung S25 Ultra 256gb - $Please Contact Samsung S25 Ultra 512gb - $Please Contact Samsung S25 128gb - $Please Contact Samsung S25 256gb - $Please Contact Samsung S24 Ultra 256gb - $Please Contact Samsung S24 Ultra 512gb - $Please Contact Samsung S24 128gb - $Please Contact Samsung S24 256gb - $Please Contact Samsung Z Fold 6 256gb- $Please Contact Samsung Z Fold 6 512gb - $Please Contact Samsung Z Flip 6 256gb- $Please Contact Samsung Z Flip 6 512gb - $Please Contact Samsung Z Fold 5 256gb- $Please Contact Samsung Z Fold 5 512gb - $Please Contact ---------------------------------------------------- #GOOGLE PIXEL Google Pixel 9 Pro XL 128GB - $Please Contact Google Pixel 9 Pro XL 256 GB - $Please Contact Google Pixel 9 Pro XL 512GB - $Please Contact Google Pixel 9 Pro 128GB - $Please Contact Google Pixel 9 Pro 256 GB - $Please Contact Google Pixel 9 Pro 512GB - $Please Contact Google Pixel 9 128GB - $Please Contact Google Pixel 9 256 GB - $Please Contact Google Pixel 8 128 GB - $Please Contact Google Pixel 8 256 GB - $Please Contact Google Pixel 8A 128 GB - $Please Contact Google Pixel 8A 256 GB - $Please Contact Google Pixel 8 Pro 128GB - $Please Contact Google Pixel 8 Pro 256 GB - $Please Contact Google Pixel 8 Pro 512GB - $Please Contact Google Pixel 7a 128 GB - $Please Contact Google Pixel 7 128 GB - $Please Contact Google Pixel 7 256 GB - $Please Contact ------------------------------------------------------------------- #MacBook's ( M1,M2,M3,M4 CHIPSET) #MacBook Air #MacBook pro #MacBook Max #MacBook Air 13"" M2 Chip #MacBook Air 13 M3 Chip #MacBook Air 15 M2 Chip #MacBook Air 15 M3 Chip #MacBook Pro 14 M2 Chip #MacBook Pro 14 M3 Chip #MacBook 14 M3 Pro Chip #MacBook 14 M3 Max Chip #MacBook 16 M3 Pro Chip #MacBook 16 M3 Max Chip ------------------------------------------------------------------- #iPad's ( M1,M2,M3,M4 CHIPSET) iPad 10th Gen 64gb/128gb/256gb iPad Air M2 Chip 128gb/256gb/512gb iPad Pro 11inch M4 Chip 256gb/512gb/1TB/2TB iPad Pro 13 inch M4 Chip 256gb/512gb/1TB/2TB Call or Text 1 (416) 710-8200 Any quantity is welcome! Any Carrier!",https://media.kijiji.ca/api/v1/ca-prod-dealer-ads/images/bd/bd43259a-1e16-4715-bebc-3524fa104b41?rule=kijijica-640-webp ,https://www.kijiji.ca/v-cell-phone/city-of-toronto/instant-cash-for-iphone-16-pro-max-macbook-pro-ipad-pro/1713960195
1640153076,WE PAY CASH - iPad Pro Air Mini Samsung Galaxy Tab Apple Watch,"$77,777","Series SE 4 5 6 7 8 9 Ultra 41mm 45mm 11 13 12.9 64GB 128GB 256GB 512GB 1TB M1 M2 M4 Gen 2022 2021 2020 2018 S9 S8 Plus 40mm 44mm 13"" 12.9"" 11"" Inch 32GB 1st 2nd 3rd 4th 5th 6th 7th 8th 9th 10th Gen ------------------------------------------------------ Text! ** (647) 271-7753 ** or visit our website at www.flipafone.com - to get your instant quote We BUY iPhone - Samsung - Google - OnePlus - Android _________________________ Retail Location - FlipaFone (King Sqaure Mall) 9390 Woodbine Ave Unit 1D71 Markham, ON L6C 0M5, ONTARIO Hours: By Appointment only (MON-SAT 11-6PM / SUN 11-5PM) Tel - 647-646-3350 INSTANT QUOTE: www.flipafone.com SHOP NOW: store.flipafone.com",https://media.kijiji.ca/api/v1/ca-prod-dealer-ads/images/b0/b052a392-b41c-4bac-9d93-12baa8dea28f?rule=kijijica-640-webp ,https://www.kijiji.ca/v-ipads-tablets/city-of-toronto/we-pay-cash-ipad-pro-air-mini-samsung-galaxy-tab-apple-watch/1640153076
1531801487,WE PAY CASH - iPad Pro Air Mini Samsung Galaxy Tab Apple Watch,"$77,777","Series SE 4 5 6 7 8 9 Ultra 41mm 45mm 11 13 12.9 64GB 128GB 256GB 512GB 1TB 2TB M1 M2 M4 Gen 2022 2021 2020 2018 S9 S8 Plus 40mm 44mm 13"" 12.9"" 11"" Inch Black 47mm 43mm 10.5 Airpods Max Gen 3 2 1 3rd ------------------------------------------------------ Text! ** (647) 646-3350 ** or visit our website at www.flipafone.com - to get your instant quote _________________________ Retail Location - FlipaFone (King Sqaure Mall) 9390 Woodbine Ave Unit 1D71 Markham, ON L6C 0M5, ONTARIO Hours: By Appointment only (MON-SAT 11-6PM / SUN 11-5PM) Tel - 647-646-3350 INSTANT QUOTE: www.flipafone.com SHOP NOW: store.flipafone.com",https://media.kijiji.ca/api/v1/ca-prod-dealer-ads/images/e1/e1990af5-2eb9-49d3-b8fb-4f2c504256d3?rule=kijijica-640-webp ,https://www.kijiji.ca/v-ipads-tablets/city-of-toronto/we-pay-cash-ipad-pro-air-mini-samsung-galaxy-tab-apple-watch/1531801487
1682650294,BUY|SELL - iPhone 17 16 15 14 13 Pro Max Plus Mini 12 11 Xs XR,"$88,888","Air.16e.X.SE.8.64GB.256GB.128GB.512GB.1TB.Samsung.S25.S24.S23.S22.S21.Ultra.Fold6.Flip6.Fold7.Flip7Google.Pixel.6.7.9.XL.iPad.10th.9th.8th.7th.Gen.Titanium.Blue.Space.Black.Silver.White.Red.Pink.A53.A35.A52.A51.A70 ------------------------------------------------------ SELL OR TRADE YOUR DEVICE CANADA-WIDE Get an instant quote at: www.flipafone.com FREE shipping or Same-Day Drop Off! Over 1.2K five-star reviews on Google Trade-ins welcome :) WE BUY: Shop certified pre-owned devices: POPULAR DEVICES IN STOCK (check website for pricing and availability) * iPhone 16 / 15 / 14 / 13 / 12 / 11 / X Series * Samsung S25 / S24 / S23 / S22 / Fold / Flip * Google Pixel 9 / 8 / 7 / Fold * All iPads, MacBooks, Watches, Cameras, Lenses and more _________________________ Retail Location - FlipaFone (King Sqaure Mall) 9390 Woodbine Ave Unit 1D71 Markham, ON L6C 0M5, ONTARIO Hours: By Appointment only (MON-SAT 11-6PM / SUN 11-5PM) Tel - 647-646-3350 INSTANT QUOTE: www.flipafone.com SHOP NOW: store.flipafone.com",https://media.kijiji.ca/api/v1/ca-prod-dealer-ads/images/15/15aa5110-a5c1-4968-868e-729be401f336?rule=kijijica-640-webp ,https://www.kijiji.ca/v-cell-phone/city-of-toronto/buy-sell-iphone-17-16-15-14-13-pro-max-plus-mini-12-11-xs-xr/1682650294
1727657937,"Apple iPads - iPad 6, iPad 5th, iPad 4th, iPad 2nd, iPad 1st Gen",$39,"Apple iPads, Apple Tablets, iPad 6th Generation, iPad 5th Generation, iPad 4th Generation, iPad 2nd Gen, iPad 1st Generation, Cellular Tablets ------------------------------------------------------ https://canadianoutlet.com/ Shop Smart, Shop Secure: Canadian Outlet, Your Trusted Choice! Best Price, Best Quality Buy with Confidence from our store! ------------------------------------------------------ WIFI + Cellular ------------------------------------------------------ iPad 6th Generation WIFI + Cellular 128GB (LIKE NEW IN BOX WITH WARRANTY) Price - $189 (CASH NO TAX) iPad 6th Generation WIFI + Cellular 32GB (LIKE NEW IN BOX WITH WARRANTY) Price - $159 (CASH NO TAX) ------------------------------------------------------ iPad 5th Generation WIFI + Cellular 128GB (LIKE NEW IN BOX WITH WARRANTY) Price - $159 (CASH NO TAX) iPad 5th Generation WIFI + Cellular 32GB (LIKE NEW IN BOX WITH WARRANTY) Price - $149 (CASH NO TAX) ------------------------------------------------------ WIFI ---------------------------------- iPad 6th Generation WIFI 128GB (LIKE NEW IN BOX WITH WARRANTY) Price - $179 (CASH NO TAX) iPad 6th Generation WIFI 32GB (LIKE NEW IN BOX WITH WARRANTY) Price - $139 (CASH NO TAX) ---------------------------------- iPad 5th Generation WIFI 32GB (LIKE NEW IN BOX WITH WARRANTY) Price - $129 (CASH NO TAX) ---------------------------------- iPad 4th Generation WIFI 16GB (LIKE NEW IN BOX WITH WARRANTY) Price - $99 (CASH NO TAX) ---------------------------------- iPad 2nd Generation WIFI 16GB (LIKE NEW IN BOX WITH WARRANTY) Price - $69 (CASH NO TAX) ---------------------------------- iPad 1st Generation WIFI 16GB (LIKE NEW IN BOX WITH WARRANTY) Price - $39 (CASH NO TAX) ------------------------------------------------------ Same day delivery available in GTA area - delivery charges are extra depends on location ------------------------------------------------------ BUY NOW. PAY LATER. Get easy monthly financing when you shop with Canadian Outlet Split your purchase into stress-free, automatic installments with monthly Plans for:- 3 Months 6 Months 12 Months *All financing done through Pay Bright* ------------------------------------------------------ Storefront is open to public 7 days a week ------------------------------------------------------ We are providing FREE parking facility for our customers (Contact us)!! ------------------------------------------------------ STORE LOCATION: CANADIAN OUTLET 1431 YONGE STREET YONGE & ST CLAIR TORONTO, ON M4T 1Y7 647 786 4344 (MAIN NUMBER) 416 474 4786 TIMINGS: MONDAY - FRIDAY: 8AM - 8PM WEEKENDS: 10AM - 7PM",https://media.kijiji.ca/api/v1/ca-prod-fsbo-ads/images/87/877f8a53-c358-48ed-9b51-4d7e56359f3e?rule=kijijica-640-webp ,https://www.kijiji.ca/v-ipads-tablets/city-of-toronto/apple-ipads-ipad-6-ipad-5th-ipad-4th-ipad-2nd-ipad-1st-gen/1727657937
1727657357,"Apple iPad Air - iPad Air 5 Generation, iPad Air 2, ipad Air 1",$89,"Apple iPads - Apple iPad Air 5th , iPad Air 2nd ,1st Generation WIFI + CELLULAR, WIFI ------------------------------------------------------ https://canadianoutlet.com/ Shop Smart, Shop Secure: Canadian Outlet, Your Trusted Choice! Best Price, Best Quality Buy with Confidence from our store! ------------------------------------------------------ BLOWOUT SALE!!! ------------------------------------------------------ WIFI + CELLULAR ------------------------------------------------------ IPAD AIR 5 GENERATION WIFI 64GB (OPEN BOX WITH WARRANTY) PRICE - $639 (CASH NO TAX) ----------------------------------------------- IPAD AIR 2 GENERATION WIFI + CELLULAR 128GB (LIKE NEW IN BOX WITH WARRANTY) PRICE - $189 (CASH NO TAX) IPAD AIR 2 GENERATION WIFI + CELLULAR 64GB (LIKE NEW IN BOX WITH WARRANTY) PRICE - $169 (CASH NO TAX) IPAD AIR 2 GENERATION WIFI + CELLULAR 32GB (LIKE NEW IN BOX WITH WARRANTY) PRICE - $149 (CASH NO TAX) ------------------------------------------------------------------------ IPAD AIR 2 GENERATION WIFI 128GB (LIKE NEW IN BOX WITH WARRANTY) PRICE - $179 (CASH NO TAX) IPAD AIR 2 GENERATION WIFI 64GB (LIKE NEW IN BOX WITH WARRANTY) PRICE - $159 (CASH NO TAX) IPAD AIR 2 GENERATION WIFI 16GB (LIKE NEW IN BOX WITH WARRANTY) PRICE - $109(CASH NO TAX) --------------------------------------------------- IPAD AIR 1 WIFI + CELLULAR 32GB (LIKE NEW IN BOX WITH WARRANTY) PRICE - $129 (CASH NO TAX) IPAD AIR 1 WIFI + CELLULAR 16GB (LIKE NEW IN BOX WITH WARRANTY) PRICE - $99 (CASH NO TAX) ------------------------------------------------- IPAD AIR 1 WIFI 32GB (LIKE NEW IN BOX WITH WARRANTY) PRICE - $99 (CASH NO TAX) IPAD AIR 1 WIFI 16GB (LIKE NEW IN BOX WITH WARRANTY) PRICE - $89 (CASH NO TAX) ------------------------------------------------------------------------ Same day delivery available in GTA area -delivery charges are extra depends on location ------------------------------------------------------------------------ BUY NOW. PAY LATER. Get easy monthly financing when you shop with Canadian Outlet Split your purchase into stress-free, automatic installments with monthly Plans for:- 3 Months 6 Months 12 Months *All financing done through Pay Bright ------------------------------------------------------------------- Storefront is open to public 7 days a week ------------------------------------------------------------------- We are providing FREE parking facility for our customers (Contact us)!! ------------------------------------------------------------------- STORE LOCATION: CANADIAN OUTLET 1431 YONGE STREET YONGE & ST CLAIR TORONTO, ON M4T 1Y7 647 786 4344 (MAIN NUMBER) 416 474 4786 TIMINGS: MONDAY - SATURDAY: 8AM - 8PM SUNDAY: 9AM - 8PM",https://media.kijiji.ca/api/v1/ca-prod-fsbo-ads/images/19/19b19cb2-cf89-49ac-bb4d-52d4e240a490?rule=kijijica-640-webp ,https://www.kijiji.ca/v-ipads-tablets/city-of-toronto/apple-ipad-air-ipad-air-5-generation-ipad-air-2-ipad-air-1/1727657357
1715095028,"iPad Magic Keyboard for 11"" iPad Pro or iPad Air",$250,"I'm selling my iPad Magic Keyboard for the 11"" iPad Pro (and also fits the 11"" iPad Air to). Keyboard works perfectly, I just have too many electronic gadgets and I'm consolidating down. Its in really great condition and comes with its box. PS. I also have other iPad accessories, electronic tablets, specialty equipment, camera gear, and more. I encourage you to check out my other ads to see if there is anything else you would like. ***NOTE: If this ad is up that means the item is available. Please do not send a response only asking about availability. Reasonable offers for trades will be considered. Low Ballers will be ignored.",https://media.kijiji.ca/api/v1/ca-prod-fsbo-ads/images/c3/c38c40ee-78af-4d0a-9c63-0a390908d8ae?rule=kijijica-640-webp ,https://www.kijiji.ca/v-ipad-tablet-accessories/city-of-toronto/ipad-magic-keyboard-for-11-ipad-pro-or-ipad-air/1715095028
1673566096,ipad case,$20,"https://www.staples.ca/products/3007162-en-laut-little-buddy-for-102-ipad-pink https://www.itslaut.com/products/little-buddy-for-ipad-10-2-10-5-inch brand new ipad case best quality foam in pink fit ipad 10.2 and 10.5 screen fit ipad , 7 , 8 , 9 , 10 ipad pro ipad air 3",https://media.kijiji.ca/api/v1/ca-prod-fsbo-ads/images/e2/e2cab15c-c9c5-4b77-b875-0cf37ee19800?rule=kijijica-640-webp ,https://www.kijiji.ca/v-ipads-tablets/city-of-toronto/ipad-case/1673566096
1665853241,Buying all Macbook for Cash Macbook Air M4 Macbook Pro M4 Chip,N/A,"WE BUY BRAND NEW MACBOOKS FOR CASH AIR PRO iMac Top CASH Paid for your Apple Products call or text for exact quotes 6476139244 We buy apple macbook pro, apple macbook air, apple mac mini, imac We dont buy damaged/broken devices. Please contaact if you have one or many, we can buy in quantity too. Brand new unused open box and sealed items only. Let us know the Model number, year, and specs (processor, ram, storage). To get exact quote 2022 Macbook M2 Chip Air-13"" All Specs - All Color - 256GB - MLY33LL / MLY13LL / MLXW3LL / MLXY3LL- 512GB - MLY43LL / MLY23LL / MLXX3LL / MLY03LL 2022 MacBook M2 Chip Pro -13 ""- All Specs - All Color - 256GB - MNEH3LL / MNEP3LL 512GB - MNEJ3LL / MNEQ3LL 2020 Macbook Air m1 Chip 13 Inch- All Specs - All Color - 256GB - MGN63LL / MGN93LL / MGND3LL 512GB - MGN73LL / MGNA3LL / MGNE3LL 2020 Macbook Pro m1 Chip 13 Inch - All Specs - All Color - 256GB - MYD82LL / MYDA2LL 512GB - MYD92LL / MYDC2LL 2021 Macbook Pro m1 Chip -14 Inch- All Specs - All Color - 512GB - MKGP3LL / MKGR3LL 1TB - MKGQ3LL / MKGT3LL 2021 Macbook Pro m1 Chip 16 Inch- All Specs - All Color - 512GB - MK183LL / MK1E3LL 1TB - MK193LL / MK1F3LL 1TB - MK1A3LL / MK1H3LL Apple MacBook Pro Apple MacBook Air Apple MacMini Apple iMac Apple iPads Apple Airpod Apple Airpod pro Apple Airpods Apple watches. Call or text 647-613-9244",https://media.kijiji.ca/api/v1/ca-prod-dealer-ads/images/95/9586b4fc-af70-47a4-9fc5-bfe7a190ad4d?rule=kijijica-640-webp ,https://www.kijiji.ca/v-laptops/city-of-toronto/buying-all-macbook-for-cash-macbook-air-m4-macbook-pro-m4-chip/1665853241
1727319930,New Mac Mini M4 10-Core CPU 10-Core GPU 16 GB 256 GB SSD,$700,"Brand new Mac mini M4 10-Core CPU 10-Core GPU 16 GB 256 GB SSD. Purchased in 2024 - box opened to check contents but never used, all original wrapping. Retail is $799 on the Apple site - save $100 and the tax!",https://media.kijiji.ca/api/v1/ca-prod-fsbo-ads/images/d0/d0d2467b-fcc1-4815-8519-f62222583177?rule=kijijica-640-webp ,https://www.kijiji.ca/v-desktop-computers/city-of-toronto/new-mac-mini-m4-10-core-cpu-10-core-gpu-16-gb-256-gb-ssd/1727319930
1505861508,"7"" Tablet from $49/ 10"" Laptop/Tablet from$129 NoTax",$49.99,"Manufactory Wholesale Warehouse Open to Public ! Plese Check Our Other ADS on Kijiji By Clicking View Poster's Other ADS For Great Deals! Location: 38 Metropolitan Rd. Unit # 9 , South of 401 / East of Warden (M1R2T6) MON- FRI: 11AM - 6 PM/SAT-SUN: 11AM - 5PM ------------------------------------------------- ___________________",https://media.kijiji.ca/api/v1/ca-prod-dealer-ads/images/33/33fc60d5-c4b6-49f1-a7c0-1dd31026fed2?rule=kijijica-640-webp ,https://www.kijiji.ca/v-laptops/city-of-toronto/7-tablet-from-49-10-laptop-tablet-from-129-notax/1505861508
1692431256,WE PAY CASH - Macbook Pro Air Laptop Mac Mini iMac Surface 14 16,"$77,777","M1 M2 M3 M4 Max Studio Ultra i9 i7 i5 Core 14"" 16"" 12 13"" 24 Inch 64GB 128GB 256GB 512GB 1TB 2TB 4TB 18GB 36GB Ram 2024 2023 2022 2021 2020 2019 2018 2017 2016 11 10 9 8 7 6 Copilot SSD apple ------------------------------------------------------ Text! ** (647) 271-7753 ** or visit our website at www.flipafone.com - to get your instant quote We BUY MacBook - iMac - Surface Laptop - Surface Pro _________________________ Retail Location - FlipaFone (King Sqaure Mall) 9390 Woodbine Ave Unit 1D71 Markham, ON L6C 0M5, ONTARIO Hours: By Appointment only (MON-SAT 11-6PM / SUN 11-5PM) Tel - 647-646-3350 INSTANT QUOTE: www.flipafone.com SHOP NOW: store.flipafone.com",https://media.kijiji.ca/api/v1/ca-prod-dealer-ads/images/e6/e6e892c6-f40a-4cd3-b649-04a2476b7563?rule=kijijica-640-webp ,https://www.kijiji.ca/v-laptops/city-of-toronto/we-pay-cash-macbook-pro-air-laptop-mac-mini-imac-surface-14-16/1692431256
1727486776,Retail 6500$ NEW Lenovo Legion Pro 7i ULTRA 9 RTX 5090 OLED,"$3,890","If you are looking for one of the kind powerful laptop for fraction of the price, please do visit my kijiji store. RETAIL 6190$ AFTER TAX https://www.lenovo.com/ca/en/configurator/cto/index.html?bundleId=83F5CTO1WWCA1 Specs that crush everything else: ✅ CPU: Intel® Ultra 9 275HX (this is the new Intel i9)– 24 Cores / 24 Threads (most powerful Intel CPU ever made) ✅ GPU: NVIDIA® RTX 5090 24GB GDDR7 — ultimate gaming & AI performance ✅ Memory: 32GB DDR5 – extreme multitasking power ✅ Storage 1TB SSD – lightning-fast load times ✅ Display: 16"" WQXGA OLED (2560x1600), 240Hz, HDR 1000 True Black, 100% DCI-P3, 500 nits, Low Blue Light Condition: Brand New, Factory Sealed Warranty: Full Lenovo Warranty Retail: $6,500 after tax — selling for way less! Also available with RTX 5080 version Perfect for: Gamers | Creators | AI / 3D / Rendering Power Users If you are looking for one of the kind powerful laptop for fraction of the price, please do visit my kijiji store.",https://media.kijiji.ca/api/v1/ca-prod-fsbo-ads/images/fc/fc5580b3-494e-4cc5-86c6-990143e8cf6f?rule=kijijica-640-webp ,https://www.kijiji.ca/v-laptops/city-of-toronto/retail-6500-new-lenovo-legion-pro-7i-ultra-9-rtx-5090-oled/1727486776
1532235640,WE PAY CASH - Macbook Pro Air Laptop Mac Mini iMac Surface 14 16,"$77,777","M1 M2 M3 M4 Max Studio Ultra i9 i7 i5 Core 14"" 16"" 13 13"" 24 Inch 64GB 128GB 256GB 512GB 1TB 2TB 4TB 18GB 36GB Ram 2024 2023 2022 2021 2020 2019 2018 2017 2016 11 10 9 8 7 6 Copilot SSD X Elite Plus ------------------------------------------------------ Text! ** (647) 271-7753 ** or visit our website at www.flipafone.com - to get your instant quote We BUY MacBook - iMac - Surface Laptop - Surface Pro _________________________ Retail Location - FlipaFone (King Sqaure Mall) 9390 Woodbine Ave Unit 1D71 Markham, ON L6C 0M5, ONTARIO Hours: By Appointment only (MON-SAT 11-6PM / SUN 11-5PM) Tel - 647-646-3350 INSTANT QUOTE: www.flipafone.com SHOP NOW: store.flipafone.com",https://media.kijiji.ca/api/v1/ca-prod-dealer-ads/images/7a/7ad1edc4-6dfd-40c0-a91f-5a24c82d3a3f?rule=kijijica-640-webp ,https://www.kijiji.ca/v-laptops/city-of-toronto/we-pay-cash-macbook-pro-air-laptop-mac-mini-imac-surface-14-16/1532235640
1727638846,"Laptop - Lenovo Laptops, Thinkpad, Ideapad, Yoga & Many More",$299,"Lenovo Laptops Intel i7 - Lenovo Ideapad 3, Lenovo P1 Gen 1, T14, T14s, T480, T470, Lenovo Laptop ------------------------------------------------------ Shop Smart, Shop Secure: Canadian Outlet, Your Trusted Choice! Best Price, Best Quality Buy with Confidence from our store! ------------------------------------------------------ Lenovo Laptops Intel i7 - Lenovo Ideapad 3, Lenovo P1 Gen 1, Lenovo T560, T14, T14s, T490s ------------------------------------------------------ Lenovo IdeaPad 3 14"" FHD Laptop Intel Core i7 - 11th Gen 8GB RAM 512GB SSD (BRAND NEW IN BOX WITH WARRANTY) Price - $549 (CASH NO TAX) ------------------------------------------------------ Lenovo ThinkPad P1 Gen1 Mobile Workstation - 15.6"" INTEL i7 - 8TH GEN 16GB / 512GB (LIKE NEW IN BOX WITH WARRANTY) PRICE - $449 (CASH NO TAX) ------------------------------------------------------ Lenovo ThinkPad T14 - 14"" INTEL i7 - 10th GENERATION 24GB RAM 256GB STORAGE (LIKE NEW IN BOX WITH WARRANTY) PRICE - $419 (CASH NO TAX) Lenovo ThinkPad T14 Gen 1 - 14"" Touchscreen Core i7 - 10th GENERATION 16GB RAM 256GB STORAGE (LIKE NEW IN BOX WITH WARRANTY) PRICE - $399 (CASH NO TAX) Lenovo ThinkPad T14s - 14"" Touchscreen INTEL i7 - 10th GENERATION 16GB RAM 256GB STORAGE (LIKE NEW IN BOX WITH WARRANTY) PRICE - $379 (CASH NO TAX) Lenovo ThinkPad T14 - 14"" INTEL i7 - 10th GENERATION 16GB RAM 256GB STORAGE (LIKE NEW IN BOX WITH WARRANTY) PRICE - $349 (CASH NO TAX) ------------------------------------------------ Lenovo ThinkPad T480 Laptop INTEL i7 - 8TH GEN 16GB RAM / 256GB SSD (LIKE NEW IN BOX WITH WARRANTY) PRICE - $349 (CASH NO TAX) Lenovo ThinkPad T480 Laptop INTEL i7 - 8TH GEN 8GB RAM / 256GB SSD (LIKE NEW IN BOX WITH WARRANTY) PRICE - $329 (CASH NO TAX) -------------------------------------------------------- Lenovo ThinkPad T470 Laptop INTEL i7 - 7TH GEN 16GB RAM 512GB SSD (LIKE NEW IN BOX WITH WARRANTY) PRICE - $299 (CASH NO TAX) ------------------------------------------------------ Same day delivery available in GTA area -delivery charges are extra depends on location ------------------------------------------------------ BUY NOW. PAY LATER. Get easy monthly financing when you shop with Canadian Outlet Split your purchase into stress-free, automatic installments with monthly Plans for:- 3 Months 6 Months 12 Months *All financing done through Pay Bright* ------------------------------------------------------------------- Storefront is open to public 7 days a week ------------------------------------------------------------------- We are providing FREE parking facility for our customers (Contact us)!! ------------------------------------------------------------------- STORE LOCATION: CANADIAN OUTLET 1431 YONGE STREET YONGE & ST CLAIR TORONTO, ON M4T 1Y7 647 786 4344 (MAIN NUMBER) 416 474 4786 TIMINGS: MONDAY - FRIDAY: 8AM - 8PM WEEKENDS: 10AM - 7PM",https://media.kijiji.ca/api/v1/ca-prod-fsbo-ads/images/57/57d6472b-e77b-4707-afbf-2964dc9671aa?rule=kijijica-640-webp ,https://www.kijiji.ca/v-laptops/city-of-toronto/laptop-lenovo-laptops-thinkpad-ideapad-yoga-many-more/1727638846
1727658988,"Laptops - HP, Samsung, Asus, Lenovo, Business & Home Laptop",$129,"Laptops - LENOVO IDEAPAD 1, Chromebook 3, LENOVO 11e Gen 5 (N4120), HP Chromebook, Hp Zbook G5, Samsung Galaxy Chromebook Go, Asus Intel Celeron N6000, N4500, Laptop --------------------------------------------- Shop Smart, Shop Secure: Canadian Outlet, Your Trusted Choice! Best Price, Best Quality Buy with Confidence from our store! -------------------------------------------- Lenovo Ideapad, Chromebook -------------------------------------------- LENOVO IDEAPAD 1 - 14"" INTEL N4020 4GB RAM / 128GB EMMC (LIKE NEW IN BOX WITH WARRANTY) PRICE - $169 (CASH NO TAX) --------------------------------- LENOVO CHROMEBOOK 3 - 14"" MEDIATEK MT8183 4GB RAM / 64GB Storage (BRAND NEW IN BOX WITH WARRANTY) PRICE - $179 (CASH NO TAX) LENOVO 11e Gen 5 (N4120) 4GB RAM / 128GB Storage (LIKE NEW IN BOX WITH WARRANTY) PRICE - $179 (CASH NO TAX) ----------------------------------------- Asus ----------------------------------------- Asus Intel Celeron N6000 4GB RAM 64GB EMMC (BRAND NEW IN BOX WITH WARRANTY) PRICE - $209 (CASH NO TAX) Asus Intel Celeron N4500 4GB RAM 64GB EMMC (BRAND NEW IN BOX WITH WARRANTY) PRICE - $199 (CASH NO TAX) ----------------------------------------- HP CHROMEBOOK & ZBOOK ----------------------------------------------- Hp Zbook G5 - 9TH Generation INTEL I7 32GB RAM 512GB SSD (LIKE NEW IN BOX WITH WARRANTY) PRICE - $459 (CASH NO TAX) HP Chromebook 14"" Intel Pentium N5030 Processor 4GB RAM 64GB EMMC (BRAND NEW IN BOX WITH WARRANTY) PRICE - $175 (CASH NO TAX) ----------------------------------------- SAMSUNG CHROMEBOOK Samsung Galaxy Chromebook Go Laptop - 14"" (WIFI + LTE) Intel Celeron N4500 4GB RAM 32GB SSD (OPEN BOX WITH WARRANTY) PRICE - $129(CASH NO TAX) --------------------------------------------- Same day delivery available in GTA area - delivery charges are extra depends on location ---------------------------------------------------- BUY NOW. PAY LATER. Get easy monthly financing when you shop with Canadian Outlet Split your purchase into stress-free, automatic installments with monthly Plans for:- 3 Months 6 Months 12 Months *All financing done through Pay Bright ---------------------------------------------------- Storefront is open to public 7 days a week ---------------------------------------------------- We are providing a FREE parking facility for our customers (Contact us)!! ---------------------------------------------------- STORE LOCATION: CANADIAN OUTLET 1431 YONGE STREET YONGE & ST CLAIR TORONTO, ON M4T 1Y7 647 786 4344 (MAIN NUMBER) 416 474 4786 TIMINGS: MONDAY - FRIDAY: 8AM - 8PM WEEKENDS: 10AM - 7PM",https://media.kijiji.ca/api/v1/ca-prod-fsbo-ads/images/41/4160142e-b107-4632-b1cc-07bc967d9a7c?rule=kijijica-640-webp ,https://www.kijiji.ca/v-laptops/city-of-toronto/laptops-hp-samsung-asus-lenovo-business-home-laptop/1727658988
1727397858,Laptop HP,$370,"Laptop HP EliteBook 840 G8 Notebook PC Core i5i 11th Gen Intel(R) Core(TM) i5-1145G7 @ 2.60GHz, 2611 Mhz, 4 Core(s), 8 Logic 205GB 8GB memory Microsoft Windows 11 Pro The computer is in perfect condition, it’s hardly been used",https://media.kijiji.ca/api/v1/ca-prod-fsbo-ads/images/3a/3a4cfc44-0bdf-4a3f-9f99-58ce6d5cbd21?rule=kijijica-640-webp ,https://www.kijiji.ca/v-laptops/city-of-toronto/laptop-hp/1727397858
1727410578,Laptop lots,N/A,"Selling Seven pieces of laptops (Additional Bonus laptops for give away!!) also some laptops come with AC adapters as you can see on the AD two of laptops doesnot have screen and most doesnot have HDD (caddy is available at most) Willing to sell as whole lot, no separate sale price is negotiable.. Asking $120 price is negotiable..",https://media.kijiji.ca/api/v1/ca-prod-fsbo-ads/images/2c/2c92de68-fa64-4cbd-90d4-6bb914b17efd?rule=kijijica-640-webp ,https://www.kijiji.ca/v-laptops/city-of-toronto/laptop-lots/1727410578
1666811148,Samsung White Gear Circle Bluetooth Wireless Headphones/Earbuds,$15,"With the Samsung Gear Circle around your neck, you can make and receive calls, send text messages and listen to all your favorite music—all without having to reach for your smartphone.Unique Wearable DesignCircle is designed to be hung around your neck, a new stylish necklet that attaches to your phone. Make a fashion statement and grab attention with this wearable.Smart Magnetic Clasp ControlWhen a call comes in, your Circle is activated as an Android and gently vibrates on your neck to let you know. All you have to do is simply detach the earphones and put it to your ear. When listening to music, just attach the earphones back together to pause.Hands-free NotificationCircle supports spoken notifications using Text-to-Speech. It will speak out immediately after a new notification arrives. Get notified for messages, alarms, schedule and more. • • Up to 9 hours music time• 300 hours standby• Supports text notifications• P2i Nano coating to protect against moisture• Magnetic sensor, touch sensor• Bluetooth 3.0 Multi-point connections",https://media.kijiji.ca/api/v1/ca-prod-fsbo-ads/images/c2/c2705a50-d524-4168-b7f8-1d3a9ff4694f?rule=kijijica-640-webp ,https://www.kijiji.ca/v-headphones/city-of-toronto/samsung-white-gear-circle-bluetooth-wireless-headphones-earbuds/1666811148
1727667002,"Steelseries Arctis 9X Wireless Headset for Xbox One/Series S , X",$85,"DISCLAIMER ** Items are sold BRAND NEW, SEALED, USED or AS-IS, no returns or exchanges or trades will be accepted. SKU: ON03-1408A-S3R2 BRAND: Steelseries MODEL: Arctis 9X Wireless COLOR: Black INCLUSIONS: Aftermarket Micro USB Charging Cable Aftermarket Charging Block Cosmetic condition: The ear cup housing is in good condition with no damage and minimal wear. The ear cup cushions are in good condition, clean and have no odor. The headband is in good condition with little to no wear. The ports are clean and in good condition. The earbuds are in good condition and clean. The wire is in good condition with little signs of wear. The buttons have no signs of heavy use or wear. Please view our close up photos, as these are taken of the actual item being offered for sale. Functionality condition: These headphones have been tested and the audio sounds great. All external buttons have been tested and they are fully functional.",https://media.kijiji.ca/api/v1/ca-prod-dealer-ads/images/b7/b764d710-734f-4791-abba-57bfd54a0717?rule=kijijica-640-webp ,https://www.kijiji.ca/v-speakers-headsets-mics/city-of-toronto/steelseries-arctis-9x-wireless-headset-for-xbox-one-series-s-x/1727667002
1727666733,Anker Soundcore AeroFit 2 Wireless Open-Ear Headphones,$115,"DISCLAIMER ** Items are sold BRAND NEW, SEALED, USED or AS-IS, no returns or exchanges or trades will be accepted. SKU: ON03-1494A-S3R2 BRAND: Soundcore by Anker MODEL: AeroFit 2 COLOR: Blue Cosmetic condition: The ear cup housing is in good condition with no damage and minimal wear. The ear cup cushions are in good condition, clean and have no odor. The ports are clean and in good condition. The earbuds are in good condition and clean. Please view our close up photos, as these are taken of the actual item being offered for sale. Functionality condition: These headphones have been tested and the audio sounds great. All external buttons have been tested and they are fully functional.",https://media.kijiji.ca/api/v1/ca-prod-dealer-ads/images/66/66447fd5-51f1-410f-a9f6-f4d8c81f5902?rule=kijijica-640-webp ,https://www.kijiji.ca/v-speakers-headsets-mics/city-of-toronto/anker-soundcore-aerofit-2-wireless-open-ear-headphones/1727666733
1656322755,Longines Symphonette LMR-2400 Solid state receiver,$200,Longines Symphonette LMR-2400 (Hitachi KS-2400H) AM/FM Stereo Receiver 70s Inputs: AM/FM Tuner Tape Phono Outputs: 8 ohms stereo speakers Headphones Made in Japan 11 kg Turntable is sold separately. If you want one and buy both i can make you a deal/discount.,https://img.youtube.com/vi/oCMpC8S55p0/sddefault.jpg ,https://www.kijiji.ca/v-stereo-systems-home-theatre/city-of-toronto/longines-symphonette-lmr-2400-solid-state-receiver/1656322755
1727664599,SHOKZ Roadwave Sport Audio Sunglasses with on-ear Headphone,$129,"SHOKZ Sunglass -SHOKZ Roadwave Sport Audio Sunglasses with on-ear Headphone, TWS, Smart Sunglasses --------------------------------------------- Shop Smart, Shop Secure: Canadian Outlet, Your Trusted Choice! Best Price, Best Quality Buy with Confidence from our store! ✨ --------------------------------------------- SHOKZ Roadwave Sport Audio Sunglasses (Brand New) Price - $129 (CASH NO TAX) ------------------------------------------------------------------------------------ Key Features: Shokz DirectPitch Technology – Delivers superior sound quality with deep bass for an immersive music experience Optimized Sound Leakage Control – Minimizes sound leakage to keep your music private Open-Ear Wireless Design – Combines sport sunglasses with bone conduction headphones for natural listening and situational awareness Built-in Dual Microphones – Wind-resistant design enables clear voice calls at speeds up to 18 mph Customizable Fit – Includes silicone nose pads of different sizes and anti-slip temple grips for stable, comfortable wear Lightweight & Durable – Weighs only 42g with IP54 water-resistant protection and waterproof acoustic mesh speakers for sweat and splash resistance Bluetooth Wireless Connectivity – Seamless wireless connection for hassle-free use during outdoor activities Long Battery Life & Quick Charge – Up to 6 hours on a single charge, with 1 hour of power from just 10 minutes of quick charging Inline Volume Control – Easily adjust volume without interrupting your activity Included Accessories – Dark polarized & transparent lenses, magnetic charging cable, hard shell case, and soft pouch ---------------------------------------------------------------------------------------------- Same day delivery available in GTA arеa - delivery charges are extra dеpends on location ------------------------------------------------------------------------------------ BUY NOW. PAY LATER. Gеt easy monthly financing when you shop with Canadian Outlet Split your purchase into stress-freе, automatic installments with monthly Plans for:- 3 Months 6 Months 12 Months *All financing done through Pay Bright ------------------------------------------------------------------------------------ Storefront is opеn to public 7 days a week from 10AM till 8PM ------------------------------------------------------------------------------------ We are providing FREE parking facility for our customers (Contaсt us)!!!! STORE LOCATION: СANADIAN OUTLET 1431 YONGE STRЕET YONGE & ST CLAIR TORONTО, ON M4T 1Y7 647 786 4344 (MAIN NUMBER) 416 474 4786 TIMINGS: MONDAY - FRIDAY: 8AM - 8PM WEEKENDS: 10AM - 7PM",https://media.kijiji.ca/api/v1/ca-prod-dealer-ads/images/f5/f5d73736-c563-4ba5-8b56-134cb5c7ad31?rule=kijijica-640-webp ,https://www.kijiji.ca/v-headphones/city-of-toronto/shokz-roadwave-sport-audio-sunglasses-with-on-ear-headphone/17276645991724335584,"2023 Mazda Mazda3 GT AWD w/ Apple CarPlay, Heated Front Seats, R","$20,890","NO ACCIDENTS / CLEAN CARFAX / 1 OWNER / Front Heated Seats, Driver Seat Memory System, Climate Control and more! Clutch is the largest online used car retailer in Canada, delivering a seamless, hassle-free car-buying experience to drivers everywhere. Shop thousands of used cars online, get the right one delivered to your door, and enjoy peace of mind with our 10-Day Money-Back Guarantee. How sweet is that? To learn more, visit clutch.ca. The top features for this car include: Auto Dimming Rearview Mirror Front Heated Seats Driver Seat Memory System Climate Control Dual Zone Front Climate Control Premium Sound System Bluetooth Music GPS Navigation Cruise Control Adaptive Cruise Control Integrated Garage Door Opener 12V Outlet Apple CarPlay Android Auto USB Input Push Button Start Heads Up Display Front View Camera Lane Departure Warning Blindspot Sensors Heated Steering Wheel Rain Sensing Wipers Sunroof Automatic High Beams Rear View Camera Parking Sensors Power Driver Seat 360 Camera Seamless home delivery - Delivery to your door in a matter of days. Available on select packages. Try it out for 10 days - If you do not like it, we will take it back. Quality assured - All cars go through our rigorous 210-point inspection and reconditioning process. Peace of mind - Warranty and protection plans available. Haggle-free - No haggling or hard sells. 100% Transparency - Full inspection reports on every car, including high-res photography and a free Carfax report. Listed price is for cash purchase only and does not include taxes, Shipping Fees (if applicable), Delivery Fees (if applicable), government licensing fees. Previous Provincial Registrations: Nova Scotia Stock # 56198",https://media.kijiji.ca/api/v1/ca-prod-dealer-ads/images/e3/e33fae81-6c78-4f6b-96b7-81334d555bc4?rule=kijijica-640-webp ,https://www.kijiji.ca/v-cars-trucks/city-of-toronto/2023-mazda-mazda3-gt-awd-w-apple-carplay-heated-front-seats-r/1724335584
1725851977,2024 Chevrolet Equinox RS | Heated Seats | Remote Start | Chevy,"$34,899",- ACCIDENT FREE - HEATED LEATHER-TRIMMED SEATS,https://media.kijiji.ca/api/v1/ca-prod-dealer-ads/images/fa/fae862ef-8400-4837-b2f2-989c1ccb3b47?rule=kijijica-640-webp ,https://www.kijiji.ca/v-cars-trucks/windsor-area-on/2024-chevrolet-equinox-rs-heated-seats-remote-start-chevy/1725851977
1724476470,2014 Mercedes-Benz SL-Class Other,"$54,950",For instant pre approval visit http://rockcliffauto.ca EXTREMELY AFFORDABLE CARS AND TRUCKS. YOU WILL NOT FIND BETTER DEALS. ALL VEHICLES SOLD WITH CLEAN TITLES! DETAILED FOR FREE! Financing available for as low a 4.99% OAC *NO CREDIT CHECK FINANCING AVAILABLE. WE CAN GET YOU APPROVED! NO CREDIT CHECKS! JUST BRING YOU’RE SMILE AND A LITTLE MONEY * ATTENTION* due to recent economic events all our prices are reduced. This vehicle is sold without certification. Certification costs $999 additional to sale price + HST. **Call 416 686-6963 for more information. ALL OUR VEHICLES ARE REDUCED! NO CREDIT CHECKS! 100% Approved! We are located at 3264 Danforth ave! NO CREDIT CHECKS WE FINANCE EVERYONE!Contact our sales department today! Engine: 8 Cylinder Engine 4.7L/285CI,https://media.kijiji.ca/api/v1/autos-prod-ads/images/ec/ec5d47f9-6d91-42ca-9d6d-3b5ea59208f8?rule=kijijica-640-webp ,https://www.kijiji.ca/v-cars-trucks/city-of-toronto/2014-mercedes-benz-sl-class-other/1724476470
1724551997,"2022 Hyundai Tucson Preferred AWD w/ Apple CarPlay, Front Heated","$24,890","NO ACCIDENTS / CLEAN CARFAX / 1 OWNER / Front Heated Seats, Climate Control, Bluetooth Music and more! Clutch is the largest online used car retailer in Canada, delivering a seamless, hassle-free car-buying experience to drivers everywhere. Shop thousands of used cars online, get the right one delivered to your door, and enjoy peace of mind with our 10-Day Money-Back Guarantee. How sweet is that? To learn more, visit clutch.ca. The top features for this car include: Auto Stop/Start Front Heated Seats Climate Control Bluetooth Music Touchscreen Display Adaptive Cruise Control 12V Outlet Apple CarPlay Android Auto USB Input Push Button Start Blindspot Sensors Rear Cross Traffic Alert Driver Attention Alert Heated Steering Wheel Rear View Camera Seamless home delivery - Delivery to your door in a matter of days. Available on select packages. Try it out for 10 days - If you do not like it, we will take it back. Quality assured - All cars go through our rigorous 210-point inspection and reconditioning process. Peace of mind - Warranty and protection plans available. Haggle-free - No haggling or hard sells. 100% Transparency - Full inspection reports on every car, including high-res photography and a free Carfax report. Listed price is for cash purchase only and does not include taxes, Shipping Fees (if applicable), Delivery Fees (if applicable), government licensing fees. Previous Provincial Registrations: Ontario Stock # 65093",https://media.kijiji.ca/api/v1/autos-prod-ads/images/12/12c1b912-cc36-4e1d-8157-d58d9683487b?rule=kijijica-640-webp ,https://www.kijiji.ca/v-cars-trucks/city-of-toronto/2022-hyundai-tucson-preferred-awd-w-apple-carplay-front-heated/1724551997
1724420861,2017 Ford Escape SE,"$7,950","Motor World is a proud member of U.C.D.A. and O.M.V.I.C. for over 30 years. In the same location for more than 30 years. ALL our inventory are trade ins at NEW CAR DEALERS \""NO AUCTION PURCHASES\"". PLEASE CALL FOR APPOINTMENT BEFORE COMING,AT THESE PRICES THEY DON'T LAST LONG. Safety is Included. NO EXTRA FOR SAFETY. Engine: 4 Cylinder Engine 1.5L L/100Km City: 10.7 L/100Km Hwy: 8.3",https://media.kijiji.ca/api/v1/autos-prod-ads/images/38/3899ccf4-9e7d-45e5-a717-d22afd7b86b0?rule=kijijica-640-webp ,https://www.kijiji.ca/v-cars-trucks/city-of-toronto/2017-ford-escape-se/1724420861
1724472626,2014 Nissan Rogue SV 7 Passenger,"$16,950",For instant pre approval visit http://rockcliffauto.ca EXTREMELY AFFORDABLE CARS AND TRUCKS. YOU WILL NOT FIND BETTER DEALS. ALL VEHICLES SOLD WITH CLEAN TITLES! DETAILED FOR FREE! Financing available for as low a 4.99% OAC *NO CREDIT CHECK FINANCING AVAILABLE. WE CAN GET YOU APPROVED! NO CREDIT CHECKS! JUST BRING YOU’RE SMILE AND A LITTLE MONEY * ATTENTION* due to recent economic events all our prices are reduced. This vehicle is sold without certification. Certification costs $999 additional to sale price + HST. **Call 416 686-6963 for more information. ALL OUR VEHICLES ARE REDUCED! NO CREDIT CHECKS! 100% Approved! We are located at 3264 Danforth ave! NO CREDIT CHECKS WE FINANCE EVERYONE!Contact our sales department today! Engine: 4 Cylinder Engine 2.5L L/100Km City: 25.0 L/100Km Hwy: 32.0,https://media.kijiji.ca/api/v1/autos-prod-ads/images/67/679cadba-475f-4ca0-9ad4-efe30b470bcb?rule=kijijica-640-webp ,https://www.kijiji.ca/v-cars-trucks/city-of-toronto/2014-nissan-rogue-sv-7-passenger/1724472626
1727673817,"2015 Mercedes-Benz Sprinter \""4X4\"" - \""3.0L DIESEL\"" - \""HIGH R","$41,985","RARE FIND 4X4!!! -- 2015 MERCEDES SPRINTER 2500 -- 4X4 -- 144 - HIGH ROOF!!! -- ONLY 124,000 KM , YES , ONLY 124,000 KM!!! -- 3.0L V6 DIESEL POWERFUL ENGINE!!! 2 SEATER!!! EXCELLENT CONDITION!!! -- FINISHED IN WHITE ON BLACK CLOTH INTERIOR!!! 100% CLEAN CARFAX REPORT - NO ACCIDENTS!!! ONTARIO VAN!!! RARE FIND 4X4!!! BACK UP CAMERA!!! BLUETOOTH!!! TRACTION CONTROL!!! CRUISE CONTROL!!! ALLOY RIMS!!! REAR CARGO DIVIDER WITH WINDOW!!! LOOKS AND RUNS EXCELLENT!!! PRICED TO BE SOLD AT $41,985 PLUS TAX!!! CERTIFIED INCLUDED!!! NO HIDDEN FEES!!! FINANCING AVAILABLE!!! V.I.N # WD3CE7CC9FP112237 TEL : 905-6699995 ADDRESS : 30 CAPSTAN GATE CONCORD (KEELE AND STEELES) Engine: V6 Cylinder Engine",https://media.kijiji.ca/api/v1/ca-prod-dealer-ads/images/2a/2ad3b230-d4f5-45e2-a58c-4da7250ceca1?rule=kijijica-640-webp ,https://www.kijiji.ca/v-cars-trucks/city-of-toronto/2015-mercedes-benz-sprinter-4x4-3-0l-diesel-high-r/1727673817
1727673816,"2015 Mercedes-Benz Sprinter \""4X4\"" - \""3.0L DIESEL\"" - \""HIGH R","$41,985","RARE FIND 4X4!!! -- 2015 MERCEDES SPRINTER 2500 -- 4X4 -- 144 - HIGH ROOF!!! -- ONLY 124,000 KM , YES , ONLY 124,000 KM!!! -- 3.0L V6 DIESEL POWERFUL ENGINE!!! 2 SEATER!!! EXCELLENT CONDITION!!! -- FINISHED IN WHITE ON BLACK CLOTH INTERIOR!!! 100% CLEAN CARFAX REPORT - NO ACCIDENTS!!! ONTARIO VAN!!! RARE FIND 4X4!!! BACK UP CAMERA!!! BLUETOOTH!!! TRACTION CONTROL!!! CRUISE CONTROL!!! ALLOY RIMS!!! REAR CARGO DIVIDER WITH WINDOW!!! LOOKS AND RUNS EXCELLENT!!! PRICED TO BE SOLD AT $41,985 PLUS TAX!!! CERTIFIED INCLUDED!!! NO HIDDEN FEES!!! FINANCING AVAILABLE!!! V.I.N # WD3CE7CC9FP112237 TEL : 905-6699995 ADDRESS : 30 CAPSTAN GATE CONCORD (KEELE AND STEELES) Engine: V6 Cylinder Engine",https://media.kijiji.ca/api/v1/ca-prod-dealer-ads/images/7c/7c96b349-5d5d-4a74-90d9-a12d5bd9ed4e?rule=kijijica-640-webp ,https://www.kijiji.ca/v-cars-trucks/city-of-toronto/2015-mercedes-benz-sprinter-4x4-3-0l-diesel-high-r/1727673816
1725917331,2015 Lexus RX 350 Sportdesign,"$16,990","FINANCING AND WARRANTY AVAILABLE!!!PLEASE CALL BEFORE COMING AT 647-869-1015!!! ----------------------------------------------------------------------------------- *** CAR-PROOF AVAILABLE!!! ALL SERVICE RECORDS AVAILABLE!!! UP TO 6 YEARS OF EXTENDED WARRANTY PACKAGES AND FINANCING AVAILABLE!!! FOR MORE DETAILS CALL: 647-869-1015 PLEASE MAKE AN APPOINTMENT BEFORE VISITING US! ------------------------------------------------------------------------------------- AutoSmart GTA 831 Kipling ave., Toronto,ON M8Z 5G8 -------------------------------------------------------------------------------------- PLEASE VISIT OUR WEBSITE: WWW.AUTOSMARTGTA.CA Certification "" is available at a cost of $799 extra. If not purchased certified then as per OMVIC regulations this vehicle is deemed to be not drivable, not e-tested, and not certified THE CAR DRIVES VERY WELL!!! PLEASE CALL FOR DETAILS 647-869-1015 Engine: 6",https://media.kijiji.ca/api/v1/ca-prod-dealer-ads/images/4b/4b8fc3b3-2184-4588-aa54-bde2e0bed78a?rule=kijijica-640-webp ,https://www.kijiji.ca/v-cars-trucks/city-of-toronto/2015-lexus-rx-350-sportdesign/1725917331
1725917192,2019 Lexus NX NX 300,"$25,985","FINANCING AND WARRANTY AVAILABLE!!!PLEASE CALL BEFORE COMING AT 647-869-1015!!! F-SPORT PACKAGE ----------------------------------------------------------------------------------- *** CAR-PROOF AVAILABLE!!! CARFAX Canada Vehicle History Report UP TO 6 YEARS OF EXTENDED WARRANTY PACKAGES AND FINANCING AVAILABLE!!! FOR MORE DETAILS CALL: 647-869-1015 PLEASE MAKE AN APPOINTMENT BEFORE VISITING US! ------------------------------------------------------------------------------------- AutoSmart GTA 831 Kipling ave., Toronto,ON M8Z 5G8 --------------------------------------------------------------------------------------",https://media.kijiji.ca/api/v1/ca-prod-dealer-ads/images/ab/aba92391-85a4-4926-a356-c2cd06af7503?rule=kijijica-640-webp ,https://www.kijiji.ca/v-cars-trucks/city-of-toronto/2019-lexus-nx-nx-300/1725917192
1724546094,2022 Chevrolet Equinox LS AWD *BACKUP CAM/BLUETOOTH/EASY FINANCE,"$16,995","2022 CHEVROLET EQUINOX LS AWD CARFAX VERIFIED, CLEAN TITLE, NO ACCIDENTS! 179,000KM HIGHWAY DRIVEN AUTOMATIC TRANSMISSION SILVER EXTERIOR ON BLACK INTERIOR LOADED BACKUP CAMERA, BLIND SPORT MONITOR, ANDROID AUTO/APPLE CARPLAY, REMOTE START, BLUETOOTH, ALLOY WHEELS, KEYLESS ENTRY, HEATED SEATS, POWER LOCKS, POWER WINDOWS, COLD A/C MUCH MORE!!! PRICED TO SELL! SHOP AND COMPARE! SOLD FOR $16 ,995+HST+LICENSING CERTIFICATION AVAILABLE FOR AN ADDITIONAL $899 VEHICLE IS NOT DRIVEABLE, NOT CERTIFIED, NOT E-TESTED. CERTIFICATION IS AVAILABLE FOR AN ADDITIONAL $899 EXTENDED WARRANTY PACKAGES AVAILABLE! WE WORK WITH ALL MAJOR WARRANTY COMPANIES! PLEASE VISIT WWW.CARCONNECTIONTORONTO.CA TO VIEW ALL OF OUR INVENTORY! WE ARE LOCATED AT 1117 FINCH AVE W. (ON THE SOUTH EAST CORNER OF FINCH AND CHESSWOOD). PLEASE CALL 1 (888) 541-8748 TO SCHEDULE A VIEWING. Car Connection Toronto is a used car dealer situated in North York, ON. We have a large selection of pre-owned vehicles that fit your budget. We sell Acura, Audi, Alfa Romeo, BMW, Cadillac, Chevrolet, Chrysler, Dodge, Ford, GMC, Honda, Hyundai, Infiniti, Jaguar, Jeep, KIA, Land Rover, Lexus, Maserati, Mazda, Mercedes Benz, MINI, Mitsubishi, Nissan, Porsche, Subaru, Tesla, Toyota, VW and many other makes models. We are a proud member of OMVIC. Our heated 10,000 square foot showroom is open all year round. We strive to offer customers the best prices, selection customer service. We offer financing for all types of credits. No credit? Bad credit? No problem! Rates start at 6.99% O.A.C. PLEASE VISIT WWW.CARCONNECTIONTORONTO.CA TO VIEW ALL OF OUR INVENTORY! WE ARE LOCATED AT 1117 FINCH AVE W. (ON THE SOUTH EAST CORNER OF FINCH AND CHESSWOOD). PLEASE CALL 1 (888) 541-8748 TO SCHEDULE A VIEWING. Car Connection Toronto is a used car dealer situated in North York, ON. We have a large selection of pre-owned vehicles that fit your budget. We sell Acura, Audi, Alfa Romeo, BMW, Cadillac, Chevrolet, Chrysler, Dodge, Ford, GMC, Honda, Hyundai, Infiniti, Jaguar, Jeep, KIA, Land Rover, Lexus, Maserati, Mazda, Mercedes Benz, MINI, Mitsubishi, Nissan, Porsche, Subaru, Tesla, Toyota, VW and many other makes models. We are a proud member of OMVIC. Our heated 10,000 square foot showroom is open all year round. We strive to offer customers the best prices, selection customer service. We offer financing for all types of credits. No credit? Bad credit? No problem! Rates start at 6.99% O.A.C. Engine: 1.5 L 4 Cylinder",https://media.kijiji.ca/api/v1/ca-prod-dealer-ads/images/e6/e69017e2-d16f-4587-a093-1a12f85a3053?rule=kijijica-640-webp ,https://www.kijiji.ca/v-cars-trucks/city-of-toronto/2022-chevrolet-equinox-ls-awd-backup-cam-bluetooth-easy-finance/1724546094
1724442520,2023 Toyota Sienna XLE Hybrid | Leather | Sunroof | Adaptive,"$56,488","Look at this certified 2023 Toyota Sienna LE Hybrid | Leather | Sunroof | Adaptive Cruise | Heated Seats | Power Sliding Doors & More !. Its Automatic transmission and 2.5 L engine will keep you going. This Toyota Sienna comes equipped with these options: Sunroof, Reverse Camera, Leather, Air Conditioning, Adaptive Cruise Control, Heated Seats, Tilt Steering Wheel, Steering Radio Controls, Power Windows, and Power Locks. Stop by and visit us at Mark Wilson's Better Used Cars, 5055 Whitelaw Road, Guelph, ON N1H 6J4. 60+ years of World Class Service! 500+ Live Market Priced VEHICLES! ONE MASSIVE LOCATION! Free Local Delivery Available! FINANCING! - Better than bank rates! 6 Months No Payments available on approved credit OAC. Zero Down Available. We have expert licensed credit specialists to secure the best possible rate for you and keep you on budget ! We are your financing broker, let us do all the leg work on your behalf! Click the RED Apply for Financing button to the right to get started or drop in today! BAD CREDIT APPROVED HERE! - You don't need perfect credit to get a vehicle loan at Mark Wilson's Better Used Cars! We have a dedicated licensed team of credit rebuilding experts on hand to help you get the car of your dreams! WE LOVE TRADE-INS! - Top dollar trade-in values! SELL us your car even if you don't buy ours! HISTORY: Free Carfax report included. Certification included! No shady fees for safety! EXTENDED WARRANTY: Available 30 DAY WARRANTY INCLUDED: 30 Days, or 3,000 km (mechanical items only). No Claim Limit (abuse not covered) 5 Day Exchange Privilege! *(Some conditions apply) CASH PRICES SHOWN: Excluding HST and Licensing Fees. 2019 - 2024 vehicles may be daily rentals. Please inquire with your Salesperson. Engine: 2.5 L L/100Km City: 6.6 L/100Km Hwy: 6.5",https://media.kijiji.ca/api/v1/autos-prod-ads/images/e2/e2c15d22-04ee-441a-b088-af945137fdab?rule=kijijica-640-webp ,https://www.kijiji.ca/v-cars-trucks/guelph/2023-toyota-sienna-xle-hybrid-leather-sunroof-adaptive/1724442520
1726496101,Triumph Spitfire 1500 - 1980 - Excellent Condition - Low Mileage,"$17,500","Triumph Spitfire 1500 - 1980 Low-mileage Triumph Spitfire in excellent condition. Stored indoors and well maintained, with a number of recent additions and enhancements. Key features: - Less than 17,000 miles (27,358km) - 4 speed manual gearbox; rear-wheel drive - Rare exhaust with four pipes - New tires with laser alignment - Chrome bumpers - Original interior with cloth seats (seat foam replaced) - Original paint, with zero rust - always stored indoors - Fully finished trunk with full size spare tire - Includes original soft top, removable hard top and tonneau cover - Soft top and hard top stowage covers. - Winter storage cover - Bentley shop manual - BMIHT Certified Factory Record Recent additions include new radiator, hoses and thermostat; UK specification intake manifold with dual SU4 carburetors; Pertronix Flame-Thrower Distributor & coil, cap, rotor & plug wires; alternator and drive belt; new battery & isolator disconnect switch; battery Tender 800; aluminum engine & radiator valance panels; dual gas shock lifts on hood; Goodridge braided brake lines; Triumph branded floor mats & cup holder. - Refurbished rear leaf spring; rear Monroe air shocks with dual pressure gauges in trunk. - AEM air fuel ratio gauge, oil pressure & voltage gauges installed. Car is still available if the listing is live. No trades.",https://media.kijiji.ca/api/v1/ca-prod-fsbo-ads/images/fe/fe0ba2df-e909-4bd2-8130-b14f6b5a277a?rule=kijijica-640-webp ,https://www.kijiji.ca/v-cars-trucks/city-of-toronto/triumph-spitfire-1500-1980-excellent-condition-low-mileage/1726496101
1725095389,2024 Dodge Hornet GT | Apple CarPlay | Android Auto,"$38,988","450+ VEHICLES! ONE MASSIVE LOCATION! Free Contactless Local Delivery! HASSLE-FREE, NO-HAGGLE, LIVE MARKET PRICING! FINANCING! - Better than bank rates! 6 Months, No Payments available on approved credit OAC. Zero Down Available. We have expert credit specialists to secure the best possible rate for you! We are your financing broker, let us do all the leg work on your behalf! Click the RED Apply for Financing button to the right to get started or drop in today! BAD CREDIT APPROVED HERE! - You don't need perfect credit to get a vehicle loan at Mark Wilson's Better Used Cars! We have a dedicated team of credit rebuilding experts on hand to help you get the car of your dreams! WE LOVE TRADE-INS! - Hassle free top dollar trade-in values! HISTORY: Free Carfax report included. EXTENDED WARRANTY: Available 30 DAY WARRANTY INCLUDED: 30 Days, or 3,000 km (mechanical items only). No Claim Limit (abuse not covered) 5 Day Exchange Privilege! 3 Day Full Refunds on online Purchases!*(Some conditions apply) 2020 - 2025 vehicles may be Daily rentals please confirm with your sales representative. 450+ VEHICLES! ONE MASSIVE LOCATION! Free Contactless Local Delivery! HASSLE-FREE, NO-HAGGLE, LIVE MARKET PRICING! FINANCING! - Better than bank rates! 6 Months, No Payments available on approved credit OAC. Zero Down Available. We have expert credit specialists to secure the best possible rate for you! We are your financing broker, let us do all the leg work on your behalf! Click the RED Apply for Financing button to the right to get started or drop in today! BAD CREDIT APPROVED HERE! - You don't need perfect credit to get a vehicle loan at Mark Wilson's Better Used Cars! We have a dedicated team of credit rebuilding experts on hand to help you get the car of your dreams! WE LOVE TRADE-INS! - Hassle free top dollar trade-in values! HISTORY: Free Carfax report included. EXTENDED WARRANTY: Available 30 DAY WARRANTY INCLUDED: 30 Days, or 3,000 km (mechanical items only). No Claim Limit (abuse not covered) 5 Day Exchange Privilege! 3 Day Full Refunds on online Purchases!*(Some conditions apply) 2020 - 2025 vehicles may be Daily rentals please confirm with your sales representative. 450+ VEHICLES! ONE MASSIVE LOCATION! Free Contactless Local Delivery! HASSLE-FREE, NO-HAGGLE, LIVE MARKET PRICING! FINANCING! - Better than bank rates! 6 Months, No Payments available on approved credit OAC. Zero Down Available. We have expert credit specialists to secure the best possible rate for you! We are your financing broker, let us do all the leg work on your behalf! Click the RED Apply for Financing button to the right to get started or drop in today! BAD CREDIT APPROVED HERE! - You don't need perfect credit to get a vehicle loan at Mark Wilson's Better Used Cars! We have a dedicated team of credit rebuilding experts on hand to help you get the car of your dreams! WE LOVE TRADE-INS! - Hassle free top dollar trade-in values! HISTORY: Free Carfax report included. EXTENDED WARRANTY: Available 30 DAY WARRANTY INCLUDED: 30 Days, or 3,000 km (mechanical items only). No Claim Limit (abuse not covered) 5 Day Exchange Privilege! 3 Day Full Refunds on online Purchases!*(Some conditions apply) 2020 - 2025 vehicles may be Daily rentals please confirm with your sales representative. 450+ VEHICLES! ONE MASSIVE LOCATION! Free Contactless Local Delivery! HASSLE-FREE, NO-HAGGLE, LIVE MARKET PRICING! FINANCING! - Better than bank rates! 6 Months, No Payments available on approved credit OAC. Zero Down Available. We have expert credit specialists to secure the best possible rate for you! We are your financing broker, let us do all the leg work on your behalf! Click the RED Apply for Financing button to the right to get started or drop in today! BAD CREDIT APPROVED HERE! - You don't need perfect credit to get a vehicle loan at Mark Wilson's Better Used Cars! We have a dedicated team of credit rebuilding experts on hand to help you get the car of your dreams! WE LOVE TRADE-INS! - Hassle free top dollar trade-in values! HISTORY: Free Carfax report included. EXTENDED WARRANTY: Available 30 DAY WARRANTY INCLUDED: 30 Days, or 3,000 km (mechanical items only). No Claim Limit (abuse not covered) 5 Day Exchange Privilege! 3 Day Full Refunds on online Purchases!*(Some conditions apply) 2020 - 2025 vehicles may be Daily rentals please confirm with your sales representative. Engine: 2.0 L L/100Km City: 11.2 L/100Km Hwy: 8.2",https://media.kijiji.ca/api/v1/ca-prod-dealer-ads/images/f7/f75dc0e8-f19e-4332-baef-35f139691cea?rule=kijijica-640-webp ,https://www.kijiji.ca/v-cars-trucks/guelph/2024-dodge-hornet-gt-apple-carplay-android-auto/1725095389
1724549723,"2019 Tesla Model 3 Standard Range w/ Nav, Heated Front Seats, Re","$20,990","NO ACCIDENTS / CLEAN CARFAX / Climate Control, Touchscreen Display, GPS Navigation and more! Clutch is the largest online used car retailer in Canada, delivering a seamless, hassle-free car-buying experience to drivers everywhere. Shop thousands of used cars online, get the right one delivered to your door, and enjoy peace of mind with our 10-Day Money-Back Guarantee. How sweet is that? To learn more, visit clutch.ca. The top features for this car include: Auto Dimming Rearview Mirror Climate Control Touchscreen Display GPS Navigation Cruise Control Adaptive Cruise Control 12V Outlet Bluetooth Music Power Folding Exterior Mirrors Automatic High Beams Rear View Camera Front Heated Seats Power Driver Seat Power Passenger Seat Seamless home delivery - Delivery to your door in a matter of days. Available on select packages. Try it out for 10 days - If you do not like it, we will take it back. Quality assured - All cars go through our rigorous 210-point inspection and reconditioning process. Peace of mind - Warranty and protection plans available. Haggle-free - No haggling or hard sells. 100% Transparency - Full inspection reports on every car, including high-res photography and a free Carfax report. Listed price is for cash purchase only and does not include taxes, Shipping Fees (if applicable), Delivery Fees (if applicable), government licensing fees. Previous Provincial Registrations: Ontario Stock # 64676",https://media.kijiji.ca/api/v1/autos-prod-ads/images/0e/0e8c6f2e-ecd5-44a4-bc64-e4ed15c32ebb?rule=kijijica-640-webp ,https://www.kijiji.ca/v-cars-trucks/city-of-toronto/2019-tesla-model-3-standard-range-w-nav-heated-front-seats-re/1724549723
1726148661,2021 Jeep Wrangler Unlimited 4x4 Sahara - Leather - Apple Car...,"$28,990","Auto select in Toronto will arrange all your financing needs even if you have good, new, or bad credit: Bright White Jeep Wrangler Unlimited Sahara - Automatic - Black Leather interior - 3.6L V6 - Navigation Pkg - Back-Up Camera - Clean Carfax - 4x4 - Apple Carplay - Android Auto - Factory Remote Starter - Comfort Push Start - Heated Seats - Heated Steering - Xenon Lights - 18 Inch Alloy Wheels - Gorgeous Condition - Very Well Maintained. Auto Select 2115 Lawrence Ave E Toronto, ON M1R 2Z8 416-699-2275 http://www.autoselecttoronto.com",https://media.kijiji.ca/api/v1/ca-prod-dealer-ads/images/9f/9f06821c-5f2e-4438-bae8-bfeac98207a4?rule=kijijica-640-webp ,https://www.kijiji.ca/v-cars-trucks/city-of-toronto/2021-jeep-wrangler-unlimited-4x4-sahara-leather-apple-car/1726148661
1725287269,2020 Mazda CX-30 GS,"$19,950",For instant pre approval visit http://rockcliffauto.ca EXTREMELY AFFORDABLE CARS AND TRUCKS. YOU WILL NOT FIND BETTER DEALS. ALL VEHICLES SOLD WITH CLEAN TITLES! DETAILED FOR FREE! Financing available for as low a 4.99% OAC *NO CREDIT CHECK FINANCING AVAILABLE. WE CAN GET YOU APPROVED! NO CREDIT CHECKS! JUST BRING YOU’RE SMILE AND A LITTLE MONEY * ATTENTION* due to recent economic events all our prices are reduced. This vehicle is sold without certification. Certification costs $999 additional to sale price + HST. **Call 416 686-6963 for more information. ALL OUR VEHICLES ARE REDUCED! NO CREDIT CHECKS! 100% Approved! We are located at 3264 Danforth ave! NO CREDIT CHECKS WE FINANCE EVERYONE!Contact our sales department today! Engine: 4 Cylinder Engine 2.5L L/100Km City: 9.3 L/100Km Hwy: 7.1,https://media.kijiji.ca/api/v1/autos-prod-ads/images/69/690da4ab-a430-4380-aa2c-41fe33d2cc47?rule=kijijica-640-webp ,https://www.kijiji.ca/v-cars-trucks/city-of-toronto/2020-mazda-cx-30-gs/1725287269
1724380454,2016 Honda HR-V,"$16,999","Just in, One Owner, Carfax Clean Honda HRV EX-L AWD, car is sold fully certified. Safe Lane (416) 656-2401 Licensing and taxes extra, financing available. Engine: 4 Cylinder Engine 1.8L L/100Km City: 8.8 L/100Km Hwy: 7.2",https://media.kijiji.ca/api/v1/autos-prod-ads/images/87/877d708e-b564-4e91-8ced-39e8a0eb9d73?rule=kijijica-640-webp ,https://www.kijiji.ca/v-cars-trucks/city-of-toronto/2016-honda-hr-v/1724380454
1727587395,car for sale,"$10,000",Contact if interested,https://media.kijiji.ca/api/v1/ca-prod-fsbo-ads/images/63/63248603-fd8b-4532-b1f0-8197d560a3e8?rule=kijijica-640-webp ,https://www.kijiji.ca/v-cars-trucks/city-of-toronto/car-for-sale/1727587395
1727591519,Clean car,"$8,500","Dodge caravan 2017 for sale in great condition runs and drives perfectly fine with out any issue. Used for everyday van in the passt 3 years and never give us any major problem. Clean title no accident however couple of dent and scratches from years.... 7 seates with power windows great working ac/Heat and eco mode. Engine and transmission number one no, no engine light or any warning lights on dash. Serious buyers only firm price on this As Is sale. Thanks",https://media.kijiji.ca/api/v1/ca-prod-fsbo-ads/images/26/2615d3f2-17cc-4b76-88fb-7085673bec1c?rule=kijijica-640-webp ,https://www.kijiji.ca/v-cars-trucks/city-of-toronto/clean-car/1727591519
1727308512,car for sale,"$44,499","2025 Toyota Camry SE. 5600 km. No accident, heated seat & weel",https://media.kijiji.ca/api/v1/ca-prod-fsbo-ads/images/46/46f0ec4f-4ee8-4d18-a52e-cad6f9f025ba?rule=kijijica-640-webp ,https://www.kijiji.ca/v-cars-trucks/city-of-toronto/car-for-sale/1727308512
1726664329,Indoor car storage,N/A,"Professional indoor car storage facility located in Toronto/Etobicoke. Clean, heated and secure and can accommodate any size vehicle. Best rates and service in the city so contact us now.",https://media.kijiji.ca/api/v1/ca-prod-fsbo-ads/images/fd/fdc617d6-fed2-403a-93e3-d8a3a78b0f7e?rule=kijijica-640-webp ,https://www.kijiji.ca/v-cars-trucks/city-of-toronto/indoor-car-storage/1726664329
